"last_name, first_name","player_id","year","pa","k_percent","bb_percent","woba","xwoba","sweet_spot_percent","barrel_batted_rate","hard_hit_percent","avg_best_speed","avg_hyper_speed","whiff_percent","swing_percent"
"Matos, Luis",682641,2025,120,15.8,5,".241",".266",30.5,6.3,35.8,"98.616809792","93.417352526",21.1,53.6
"Handley, Maverick",668974,2025,47,38.3,4.3,".106",".176",26.9,0,34.6,"96.465391667","92.232695833",35.8,51.9
"Adames, Willy",642715,2025,531,26.6,10.7,".306",".331",34,12.5,43.5,"100.005975915","94.272596972",28.8,47
"Stephenson, Tyler",663886,2025,288,34.4,11.1,".309",".305",41,12.2,49.7,"100.528280779","94.829372078",30.6,43.9
"Arenado, Nolan",571448,2025,394,9.9,7.1,".287",".296",29.6,4,33,"97.29955646","92.690581495",16.7,48.6
"Mauricio, Ronny",677595,2025,161,29.8,7.5,".297",".291",27,8,43,"101.461988163","95.055172653",32,52.8
"Hedges, Austin",595978,2025,138,26.1,10.1,".222",".234",27.6,2.3,32.2,"98.438750244","93.38626061",31.4,52.2
"Kim, Ha-Seong",673490,2025,93,24.7,8.6,".275",".289",32.8,6.6,41,"99.125057333","93.708408167",21.1,37.9
"Rodríguez, Endy",682848,2025,57,24.6,8.8,".226",".258",36.8,2.6,44.7,"99.320391053","94.658298919",24.5,45.9
"Peña, Jeremy",665161,2025,412,16.7,5.8,".366",".353",29.2,8.4,42.9,"100.441603987","94.379925082",26.2,50.6
"Karros, Kyle",691720,2025,44,22.7,15.9,".363",".313",25.9,3.7,48.1,"98.87955","94.053632963",28,42.6
"Arozarena, Randy",668227,2025,547,26.3,9.7,".345",".351",33.4,11.9,51.1,"102.815409329","96.123586055",29.9,43.6
"Ramírez, José",608070,2025,523,10.5,9.8,".367",".351",36,7.5,37.2,"99.180852476","93.791106886",15.5,47.2
"Church, Nathan",701675,2025,12,25,0,".066",".238",0,0,50,"99.106545","94.346597143",40,62.5
"De La Cruz, Elly",682829,2025,549,25.1,10,".345",".339",32.8,11,44.2,"102.425759148","95.503487123",31.1,45.7
"Garver, Mitch",641598,2025,232,31,10.8,".295",".297",30.8,9,47.4,"100.731470597","95.037069173",32.8,41.4
"Huff, Sam",669087,2025,58,43.1,6.9,".262",".263",34.5,13.8,37.9,"98.959443333","93.867601034",41.7,46.6
"Robles, Victor",645302,2025,46,15.2,0,".270",".216",26.3,5.3,18.4,"94.358387368","91.349130263",22.1,60.5
"Kepler, Max",596146,2025,384,19,10.4,".290",".334",33.6,10.8,45.5,"100.658283308","94.655151283",21.9,48.5
"Gilbert, Drew",687551,2025,24,29.2,0,".159",".157",29.4,5.9,29.4,"95.520072222","92.106928235",27.9,46.7
"Conforto, Michael",624424,2025,384,24.2,11.2,".284",".337",34.3,9.2,43.1,"100.383297143","94.61978605",25.6,44.8
"Bruján, Vidal",660644,2025,63,22.2,7.9,".269",".264",38.6,0,38.6,"97.539251364","92.997474545",21.2,52.2
"Smith, Josh",669701,2025,453,16.8,9.1,".319",".318",34.5,5.2,32.1,"97.538234074","92.803706852",19.4,47.7
"Herrera, Jose",645444,2025,204,23,11.3,".252",".240",30.8,0.8,22.6,"94.05191082","91.19759124",21.1,38.8
"Jankowski, Travis",608671,2025,50,24,6,".256",".255",22.9,0,34.3,"98.685423125","93.38867375",23.3,47.3
"McNeil, Jeff",643446,2025,337,10.4,11.3,".343",".343",39,5.4,32.4,"97.446203516","92.891078164",14.5,54
"Langeliers, Shea",669127,2025,396,18.4,6.8,".364",".342",32.4,12.2,44.9,"102.253779595","95.384511186",23.4,51.5
"Tawa, Tim",694374,2025,173,27.2,7.5,".269",".300",30.4,8.9,42.9,"100.579495818","94.611337156",32.6,49.5
"Adell, Jo",666176,2025,446,26,6.1,".333",".380",34.9,17.1,50.3,"104.385400068","96.638367904",28.4,53
"Outman, James",681546,2025,52,40.4,7.7,".217",".256",19.2,11.5,34.6,"99.902713846","93.951356923",46.7,45.7
"Stevens, Chad",677060,2025,14,50,0,".136",".169",28.6,0,14.3,"91.684333333","89.925846667",26.7,54.5
"Lux, Gavin",666158,2025,400,23.3,10.8,".331",".308",38.6,3.8,39,"98.078661818","93.156230038",22.3,43.2
"Tellez, Rowdy",642133,2025,243,25.5,5.3,".304",".345",36.7,15.1,47,"102.664458072","95.785342349",27.6,43.9
"O'Hoppe, Logan",681351,2025,374,31.6,4.8,".292",".316",34.3,14,50.4,"102.237098051","95.734258383",34.1,52.9
"Adams, Riley",656180,2025,191,38.7,6.8,".269",".288",31.1,12.6,48.5,"102.657893725","95.752741667",35.3,47.9
"Baldwin, Brooks",681460,2025,235,27.2,6.4,".299",".317",35.5,9,41.3,"100.636102162","94.776139456",24.7,50.9
"Avans, Drew",682183,2025,18,33.3,0,".098",".158",25,0,16.7,"93.841003333","91.511944545",17,59.5
"Realmuto, J.T.",592663,2025,427,23,6.3,".324",".334",38,8.8,47.1,"101.650744966","95.136565421",23.9,49.1
"Haggerty, Sam",664059,2025,182,20.3,8.8,".308",".311",34.9,2.4,42.1,"99.873902459","94.182853197",26.3,50.2
"Bohm, Alec",664761,2025,397,15.6,6,".319",".330",34.6,6.5,46.1,"100.467060789","94.696525362",14.8,48.3
"Thomas, Rhylan",689041,2025,10,0,10,".195",".180",11.1,0,33.3,"93.921276","91.587194444",5,58.8
"Trammell, Taylor",666211,2025,112,31.3,13.4,".298",".296",33.9,9.7,40.3,"100.557529667","94.825498136",40.6,43.8
"Jung, Josh",673962,2025,374,25.4,5.9,".291",".308",39.6,7.8,43.9,"100.522114646","94.51583087",26.1,51
"Campusano, Luis",669134,2025,27,40.7,22.2,".154",".209",0,0,30,"96.979674","92.729879",38.6,34.9
"Cruz, Oneil",665833,2025,454,31.9,11.9,".304",".341",33.3,19.8,58.3,"107.9706576","99.29518392",34.7,41.1
"Ramírez, Agustín",682663,2025,436,19,6,".314",".358",32.8,11.8,47.4,"104.343741988","96.493088789",25.5,50.9
"Stallings, Jacob",607732,2025,129,31,4.7,".171",".206",31.3,1.3,26.3,"94.85299475","91.470348228",34.1,55.6
"Raley, Luke",670042,2025,172,27.3,9.9,".311",".340",32.7,11.2,42.9,"102.051374894","95.485109043",38.5,53.4
"Shaw, Matt",807713,2025,322,19.6,8.1,".300",".309",32.9,6.5,28.6,"96.343137719","92.22045511",21.6,48.8
"Flores, Wilmer",527038,2025,396,18.4,7.8,".310",".280",34.6,4.2,25.2,"95.618564685","91.809282343",19.6,46.3
"Durbin, Caleb",702332,2025,373,9.1,6.2,".312",".302",28.4,3,24.4,"95.440411875","91.722760174",13.9,44.1
"Ahmed, Nick",605113,2025,10,30,10,".069",".206",16.7,0,16.7,"93.38864","90.69432",50,58.1
"Mitchell, Garrett",669003,2025,78,32.1,9,".261",".292",28.9,6.7,42.2,"101.702092273","95.23852186",30.9,44.9
"Rutschman, Adley",668939,2025,348,15.8,10.6,".303",".338",34.1,7.8,39.2,"99.439258984","94.044947137",14.5,40.5
"Locklear, Tyler",682988,2025,69,34.8,8.7,".268",".249",18.9,5.4,37.8,"98.973927895","93.813067027",32.1,48.3
"Alexander Jr., CJ",680769,2025,17,47.1,0,".156",".176",22.2,0,11.1,"89.636234","90.093032222",44.4,53.7
"Young, Cole",702284,2025,209,17.7,10.5,".309",".314",35.1,6.1,31.8,"98.447239726","93.237922603",25.3,45.1
"Mullins II, Cedric",656775,2025,414,24.6,9.4,".309",".289",33.7,5.9,35.3,"98.674821462","93.520031776",23,49.1
"Lukes, Nathan",664770,2025,326,11.7,10.1,".324",".323",29.2,4.7,34.4,"97.55659123","92.83199959",13.5,48.3
"Bauers, Jake",641343,2025,151,29.8,15.2,".300",".349",36.1,13.3,45.8,"102.133467805","95.603047778",28.1,43.3
"Espinal, Santiago",669289,2025,311,11.9,6.8,".267",".260",31.7,0.8,25.8,"95.929507317","91.986314268",14.1,45.3
"Simon, Ronny",682927,2025,75,14.7,10.7,".252",".332",28.6,7.1,37.5,"99.126974815","93.571278148",17.5,43.9
"Correa, Carlos",621043,2025,432,18.1,7.2,".320",".346",32.5,6.8,46.4,"102.467905714","95.691002897",21.6,46.8
"O'Hearn, Ryan",656811,2025,408,18.4,11.8,".359",".365",38.7,8.6,46.9,"100.410870719","94.659040903",22.6,46.2
"Neto, Zach",687263,2025,468,25.9,5.8,".344",".359",38.4,13.9,47.1,"101.807320065","95.453924658",28,48.6
"Quero, Edgar",700337,2025,288,17.4,8.7,".323",".302",34.8,4.3,49.5,"100.36743981","94.773755048",18.6,46.7
"Senger, Hayden",663584,2025,49,28.6,4.1,".184",".265",33.3,3,36.4,"98.565683125","93.489735484",35.6,53.9
"Grisham, Trent",663757,2025,429,21,13.5,".349",".381",34.8,14,45.2,"100.939748333","94.939782536",20.3,39.5
"Barnes, Austin",605131,2025,44,31.8,2.3,".227",".244",34.5,3.4,20.7,"94.497949286","91.446035714",28.6,42.7
"Elko, Tim",671284,2025,67,41.8,7.5,".245",".253",17.6,11.8,50,"103.803313529","96.223374118",31.1,49.8
"Ruiz, Esteury",665923,2025,23,34.8,8.7,".264",".258",15.4,7.7,23.1,"94.73533","91.804691667",48.9,53.4
"Mervis, Matt",670223,2025,134,37.3,8.2,".275",".235",26.8,8.5,38,"99.912860833","94.214077324",39.9,54.7
"Walker, Jordan",691023,2025,290,31,6.9,".271",".287",29.8,9.6,48.9,"104.065864045","96.430523708",34.8,49
"Carroll, Corbin",682998,2025,496,24.2,8.9,".373",".384",32.3,15.4,50.5,"103.930408457","96.592069288",25,49.7
"Soderstrom, Tyler",691016,2025,503,22.5,8.9,".347",".350",34.1,12.1,49.4,"102.689973373","95.815178728",25,48.8
"Kelenic, Jarred",672284,2025,65,35.4,7.7,".236",".296",21.6,13.5,37.8,"100.910482778","94.461611389",41.5,50.4
"Hilliard, Sam",656541,2025,61,37.7,16.4,".326",".309",21.4,17.9,57.1,"103.536915714","97.178934444",39.2,43.5
"Wade, Tyler",642180,2025,127,24.4,11.8,".263",".248",28.7,0,15,"92.342291389","90.376605694",26.7,43.8
"Greene, Riley",682985,2025,517,31.7,6.8,".349",".345",38.9,17.7,45.3,"102.592098734","95.514514241",32.1,51.9
"Abrams, CJ",682928,2025,490,17.3,6.1,".340",".337",35,7.7,41,"99.752158011","94.024051547",22.8,49.9
"Jackson, Alex",656577,2025,52,36.5,1.9,".342",".275",44.8,17.2,41.4,"101.701908667","95.10448069",35.6,51.2
"Pozo, Yohel",650968,2025,145,11.7,4.8,".313",".303",33.1,2.5,38,"98.827030167","93.480294118",19.2,59.7
"Frelick, Sal",686217,2025,459,12.9,7.8,".342",".309",31.4,2.8,28.6,"96.317547919","92.162629798",12.3,43.9
"Yastrzemski, Mike",573262,2025,431,22,13,".316",".316",33.3,8.6,41.2,"99.849908507","94.340845149",20.6,41.8
"Tena, José",677588,2025,169,21.9,8.9,".296",".310",34.5,5.2,40.5,"99.054484464","93.921000268",22,45
"Happ, Ian",664023,2025,512,22.5,12.7,".317",".353",34.4,9.7,41.7,"100.757676","94.60310003",24.2,43.6
"Doyle, Brenton",686668,2025,415,25.1,6.3,".290",".318",33,11.9,46,"101.277240709","95.085123238",27.6,50.5
"Pillar, Kevin",607680,2025,43,18.6,0,".202",".220",34.3,2.9,20,"94.907728333","91.579498",19.1,57.8
"Narváez, Carlos",665966,2025,349,23.8,9.2,".315",".297",28.2,9,44,"101.488277265","95.366734378",27.3,50.1
"Taylor, Tyrone",621438,2025,301,23.3,4.3,".242",".289",40.7,3.8,34,"97.968392308","93.037527005",23,48.6
"Abreu, Wilyer",677800,2025,395,23.5,9.9,".343",".356",31.9,12.9,45.6,"102.656060382","95.696106832",22.9,52.1
"Rojas, Josh",668942,2025,211,22.7,9,".233",".267",30.6,3.5,36.8,"98.368843714","93.541469143",23.1,46.2
"Schanuel, Nolan",694384,2025,529,12.5,10.6,".329",".334",38.4,4,28.9,"96.56138797","92.338387023",15.3,45.2
"Mateo, Jorge",622761,2025,65,35.4,6.2,".227",".231",23.7,5.3,36.8,"98.294779474","93.362520526",31.7,55
"Guerrero Jr., Vladimir",665489,2025,545,14.1,13,".385",".415",35,13.3,51.9,"105.376751495","97.311852706",21.5,41
"Dubón, Mauricio",643289,2025,309,10.4,5.8,".303",".292",33.3,1.2,27.1,"95.88886264","91.967418795",16.4,55.3
"Kreidler, Ryan",668952,2025,44,43.2,9.1,".150",".241",38.1,4.8,28.6,"98.99076","93.991411579",41.8,50.8
"Maile, Luke",571912,2025,31,29,12.9,".281",".346",38.9,11.1,38.9,"98.879816667","94.266610588",28.3,42.1
"Rodríguez, Johnathan",671286,2025,70,31.4,5.7,".226",".259",27.3,4.5,54.5,"104.085810455","96.869912955",37.5,44.3
"Mayer, Marcelo",691785,2025,136,30.1,5.9,".290",".276",35.6,9.2,51.7,"100.981297955","95.035314253",28.6,50.8
"Baldwin, Drake",686948,2025,317,17,8.2,".348",".364",34.6,10.7,49.1,"102.141706239","95.645848034",20.9,49.2
"Goodman, Hunter",696100,2025,448,26.1,6,".359",".333",32,13,48.3,"102.772566309","95.95501771",32.8,55.1
"Springer III, George",543807,2025,426,18.5,12,".386",".404",40.7,14.7,46.3,"101.514423028","95.151390352",27.3,45.5
"Taveras, Leody",665750,2025,180,27.8,2.8,".230",".240",27.2,6.4,35.2,"99.243581864","93.754772203",25.2,52.1
"Alexander, Blaze",677942,2025,131,30.5,7.6,".327",".324",31.1,12.2,45.9,"102.171670833","95.471176528",34.3,46.9
"Hoskins, Rhys",656555,2025,318,26.7,11.9,".332",".328",40,10.5,46.8,"100.077019895","94.418706105",27.2,40.6
"Wilson, Will",669717,2025,85,40,8.2,".221",".200",30.2,2.3,34.9,"96.959463684","92.479731842",38.3,54.4
"Helman, Michael",680737,2025,14,7.1,14.3,".332",".313",27.3,9.1,9.1,"91.170952","90.486822222",25.8,55.4
"Tauchman, Mike",643565,2025,299,23.4,12,".349",".332",37.2,7.9,42.4,"100.297487684","94.556320632",26,46.3
"Bae, Ji Hwan",678225,2025,12,41.7,8.3,".131",".257",16.7,16.7,16.7,"94.65063","92.36285",47.8,51.1
"Feduccia, Hunter",676439,2025,32,25,15.6,".242",".254",15.8,10.5,36.8,"98.122082","93.496363684",27.7,46.1
"Brooks, Trenton",670092,2025,43,30.2,4.7,".200",".258",28.6,7.1,35.7,"97.237452857","92.972148148",23.7,55.4
"Dingler, Dillon",693307,2025,358,22.3,4.5,".321",".349",39.9,8.7,44.7,"100.817595512","94.731838419",24.2,49.4
"Hicks, Liam",689414,2025,289,16.3,10.7,".324",".322",39.5,3.4,27.3,"96.0776969","92.0411982",16.5,37
"Kiner-Falefa, Isiah",643396,2025,396,15.7,4.3,".279",".269",30,1.6,25.9,"95.645155395","91.837925164",14.9,48.6
"Meyers, Jake",676694,2025,322,18,8.4,".341",".334",36.2,5.1,38.7,"99.262221121","93.805391515",20.6,47.3
"Wynns, Austin",642851,2025,110,29.1,4.5,".366",".314",35.6,9.6,46.6,"101.397520833","95.015625972",27.6,51.5
"Monasterio, Andruw",655316,2025,71,23.9,7,".307",".294",42.9,6.1,36.7,"96.880580833","92.499780208",20.3,46.8
"Marsee, Jakob",805300,2025,70,20,12.9,".495",".464",55.3,14.9,53.2,"101.688164583","95.673419574",12.9,35.8
"McCutchen, Andrew",457705,2025,441,22,11.6,".309",".344",34.6,9.3,44.3,"100.289559167","94.414088049",27.6,45.9
"Pages, Andy",681624,2025,493,20.9,5.3,".334",".330",38.4,8.1,37.8,"99.391681348","93.789467014",21.8,54.3
"Duran, Ezequiel",677649,2025,124,27.4,4.8,".247",".253",26.3,3.8,36.3,"99.281908684","93.7860904",25.9,54.8
"Ozuna, Marcell",542303,2025,484,22.1,16.9,".346",".381",35.1,12,45.4,"101.609226138","95.13751481",24.7,38.2
"Kirk, Alejandro",672386,2025,397,10.1,8.6,".337",".362",34.5,9.3,51.2,"102.169428323","95.737865358",17.5,47.3
"Vierling, Matt",663837,2025,100,24,7,".278",".340",27.3,12.1,45.5,"100.691921212","95.080868939",18.5,44.7
"Sánchez, Ali",645305,2025,22,22.7,0,".235",".279",35.3,17.6,41.2,"99.177534444","93.917518235",20.5,60.3
"Kelly, Carson",608348,2025,325,16,12.3,".355",".355",35.7,10,40,"99.749335913","94.22653387",19.6,44.4
"Rivera, Emmanuel",656896,2025,77,15.6,7.8,".261",".281",34.5,1.7,32.8,"96.552756897","92.367627241",28,51.5
"Crim, Blaine",688760,2025,13,46.2,7.7,".109",".144",20,0,20,"91.015163333","90.35824",45.5,44
"Vargas, Ildemaro",545121,2025,31,22.6,0,".313",".287",30.4,4.3,43.5,"99.792101818","94.553074091",28.3,58.8
"Gasper, Mickey",681508,2025,68,25,11.8,".202",".209",14.6,0,19.5,"96.014265","92.13688575",24.8,37.3
"Kingery, Scott",664068,2025,27,37,7.4,".196",".200",13.3,6.7,26.7,"96.750197143","92.711644615",39.3,56
"Reynolds, Bryan",668804,2025,513,26.9,7,".304",".346",40.2,10.4,45.5,"101.878565952","95.434366896",29,50.4
"Nido, Tomás",621512,2025,37,27,0,".315",".270",38.5,0,34.6,"97.705402308","93.0468092",25.7,58.8
"Myers, Dane",667472,2025,303,23.4,6.9,".279",".307",32.5,7.2,39.2,"99.371431442","93.916558029",24.6,45
"Estrada, Thairo",642731,2025,165,15.8,3.6,".284",".266",28.2,3.1,30.5,"97.262690923","92.709620231",22.8,54
"India, Jonathan",663697,2025,495,17.4,9.1,".303",".331",33.8,5.7,37.2,"99.271855829","93.738906103",19.5,40.5
"Turner, Trea",607208,2025,562,16.5,7.1,".344",".327",35.4,6.1,41.3,"99.960591792","94.214229858",25,51
"Walker, Christian",572233,2025,501,26.3,7.4,".304",".320",33.7,12.1,45.5,"102.36139858","95.51660096",29,51.1
"Moniak, Mickey",666160,2025,351,24.2,5.1,".336",".339",36.6,12.6,45.5,"101.148092602","94.972669306",27.4,55.6
"Maldonado, Martín",455117,2025,161,35.4,5,".251",".263",30.2,9.4,28.1,"97.990749545","93.002430341",38.4,45.3
"McGuire, Reese",624512,2025,94,21.3,2.1,".284",".268",33.3,11.1,40.3,"98.543811429","93.520364348",23.8,53.6
"Teel, Kyle",691019,2025,169,23.7,10.7,".343",".369",48.1,10.2,39.8,"99.933103208","94.062079528",28.5,46.2
"Williams, Luke",663897,2025,32,28.1,3.1,".150",".225",28.6,4.8,25,"96.134184","92.292863684",29.1,51.4
"Bryant, Kris",592178,2025,41,31.7,4.9,".181",".222",46.2,7.7,34.6,"97.886280769","93.540250769",35.7,50.3
"Martin, Austin",668885,2025,53,15.1,5.7,".287",".292",35.7,2.4,26.2,"95.384331429","91.810671951",15.1,40
"Alvarez Jr., Nacho",805373,2025,88,27.3,6.8,".282",".277",33.3,1.9,27.8,"95.05919037","91.630973889",22,43
"Millas, Drew",686452,2025,47,12.8,6.4,".354",".302",31.6,2.6,23.7,"95.607318947","91.943765676",17.6,46.4
"Young, Jacob",696285,2025,301,15.9,7.6,".255",".294",25.6,1.8,33,"97.969068835","93.119784223",17.2,43.9
"Bellinger, Cody",641355,2025,492,13,7.5,".351",".332",36.4,7.4,40,"99.06631","93.734868918",18,49.1
"Pham, Tommy",502054,2025,336,22.3,10.1,".308",".323",32.7,6.2,47.8,"102.128617411","95.596038929",24.2,42.1
"Baddoo, Akil",668731,2025,18,27.8,5.6,".157",".271",33.3,0,41.7,"99.63324","93.81662",30.6,66.7
"Dalbec, Bobby",666915,2025,21,28.6,14.3,".285",".257",25,0,25,"93.579386667","91.948094545",35.1,42.5
"Chapman, Matt",656305,2025,403,24.8,12.9,".335",".355",34.1,10.6,49.2,"103.088057154","96.089534228",26.6,42.1
"White, Eli",642201,2025,246,25.6,4.1,".281",".302",32.7,7.6,38,"99.463281807","93.774363697",25.9,52.2
"Baty, Brett",683146,2025,322,23.9,7.8,".314",".336",31.7,12.8,46.3,"102.293495648","95.550566372",26.7,46.9
"Allen, Greg",656185,2025,14,35.7,0,".000",".136",11.1,0,33.3,"98.088275","93.10132625",41.4,55.8
"Jones, Nolan",666134,2025,335,26.9,11,".275",".321",36.3,7.8,46.6,"101.4381984","95.21234545",26.8,45.8
"García, Luis",671277,2025,416,14.4,5.5,".304",".351",33.8,8.2,45,"100.341688788","94.623577538",21.1,53.3
"Kemp, Otto",805249,2025,161,30.4,5,".292",".319",39.2,11.3,44.3,"100.871492083","94.789211667",34.1,53.2
"Perdomo, Geraldo",672695,2025,560,10.7,13.8,".364",".354",36.9,5.5,31.7,"97.151873614","92.638684864",11.9,38.9
"Rivas, Leo",660844,2025,73,20.5,16.4,".335",".293",33.3,0,17.8,"93.824625","90.933987727",22.3,34.7
"Naylor, Josh",647304,2025,483,14.5,8.7,".342",".343",32.1,7.1,41.4,"100.144300824","94.314021978",23.1,54.2
"Seager, Corey",608369,2025,412,19.7,12.9,".359",".408",34.1,15.4,53.1,"103.648662409","96.599810623",28,50.4
"Andujar, Miguel",609280,2025,279,14,5.4,".356",".305",32.1,5.4,35.3,"98.85576973","93.440937072",17.3,52.1
"Holliday, Jackson",702616,2025,509,22.6,6.7,".305",".323",33.1,9,42.2,"99.966543068","94.263239573",26.1,48.6
"Rave, John",670231,2025,150,26.7,10.7,".285",".312",25.8,6.5,41.9,"100.710754773","94.483514023",23.9,41.9
"Caissie, Owen",683357,2025,14,28.6,0,".335",".316",70,10,20,"95.308062","91.78187",37.8,63.8
"Biggio, Cavan",624415,2025,83,25.3,13.3,".257",".304",34,4,36,"97.68916375","93.2967125",25.4,38.1
"Merrill, Jackson",701538,2025,386,21.2,7.3,".316",".357",41,11.4,40.3,"100.063518015","94.261146679",26.5,58.1
"Solak, Nick",669256,2025,11,18.2,0,".080",".145",22.2,0,33.3,"95.071828","93.087371111",31.6,57.6
"Lawlar, Jordan",691783,2025,22,40.9,13.6,".094",".172",0,0,30,"92.889278","91.965084444",40,46.5
"Contreras, William",661388,2025,529,18,13.2,".333",".333",31.2,5.8,47.8,"102.575549061","95.840126399",24.3,46.1
"Vaughn, Andrew",683734,2025,335,18.5,6,".308",".356",36.7,13.5,49,"101.87853224","95.52419624",22.1,48.1
"Melendez Jr., MJ",669004,2025,65,35.4,4.6,".151",".208",21.6,8.1,45.9,"99.71341","94.594313514",41,47.8
"Mastrobuoni, Miles",670156,2025,172,16.3,9.9,".280",".324",33.1,2.4,37,"98.106438197","93.403631901",16.3,39.4
"Cowser, Colton",681297,2025,230,31.7,6.5,".293",".301",28.5,10.9,46.3,"100.971754706","94.914612296",32.8,43.3
"Knizner, Andrew",668800,2025,59,13.6,5.1,".193",".251",20.8,2.1,16.7,"93.5844725","91.094889787",20.2,51.1
"Schunk, Aaron",668845,2025,33,30.3,0,".177",".223",43.5,4.3,21.7,"94.291900909","91.328601364",25,65.5
"MacIver, Willie",680862,2025,65,21.5,7.7,".308",".275",32.6,4.3,43.5,"98.518048696","93.339237609",24.4,56.2
"Semien, Marcus",543760,2025,528,17.4,9.5,".294",".325",35.7,6.8,35.2,"98.326920474","93.290958026",22.6,48.9
"Grichuk, Randal",545341,2025,236,20.8,6.4,".314",".357",36.3,13.5,51.5,"103.857735349","96.534412339",19.7,48
"Schmitt, Casey",669477,2025,226,23.9,8,".317",".342",40,8,46,"101.591991333","95.110182685",24.8,50.8
"Hernández, Teoscar",606192,2025,418,25.4,4.3,".320",".334",35.6,12.7,45.5,"101.793080342","95.151512363",32.2,50.6
"Yelich, Christian",592885,2025,512,27.1,9.8,".350",".334",29.9,9.1,47.2,"102.448416835","95.484369842",30.4,45.8
"Acuña Jr., Ronald",660670,2025,262,26,17.6,".415",".393",32.4,16.2,54.1,"104.697740946","97.157686959",30.7,45.1
"Thomas, Lane",657041,2025,142,31,9.9,".236",".248",26.5,4.8,31.3,"98.390208571","93.283397831",32.1,43.7
"Rortvedt, Ben",666163,2025,70,20,10,".150",".210",22.4,2,18.4,"92.894624583","90.706309362",23.7,45.5
"Iglesias, Jose",578428,2025,280,16.8,7.9,".269",".281",27.3,0.5,25.4,"95.075748","91.592854724",17.9,44.4
"Heyward, Jason",518792,2025,95,21.1,6.3,".218",".250",22.1,4.4,33.8,"98.149889118","93.15069",26.7,46.4
"Stott, Bryson",681082,2025,436,17.4,9.9,".302",".307",35.4,4.7,29.4,"97.555909551","92.831397436",16.8,39.7
"Stowers, Kyle",669065,2025,457,27.4,10.5,".387",".387",38,19,52,"103.093111727","96.214876787",32.5,54
"Benson, Will",666181,2025,204,27.9,6.9,".292",".368",40.2,14.4,56.1,"103.048108182","96.553276742",35.5,52.5
"Steer, Spencer",668715,2025,462,22.3,8.2,".309",".288",35,6,31.1,"97.336755","92.717610257",24.4,47.8
"Cortes, Carlos",666126,2025,44,25,4.5,".277",".254",29,0,41.9,"98.77070625","93.559074194",29.4,54.5
"Peguero, Liover",678894,2025,58,27.6,6.9,".314",".252",21.6,8.1,32.4,"97.536357368","92.974151892",33.7,43.4
"O'Neill, Tyler",641933,2025,164,24.4,9.1,".310",".388",35.8,18.9,38.7,"101.017255472","94.775476981",31.8,49.3
"Santander, Anthony",623993,2025,209,26.3,11.5,".259",".274",28.5,4.6,40.8,"100.034286769","94.228834846",23.7,48.9
"Ortiz, Joey",687401,2025,429,14.7,6.1,".273",".287",28.8,3.3,33.2,"98.162870915","93.101335963",15.7,46.9
"Carlson, Dylan",666185,2025,191,22.5,5.8,".264",".284",35.6,6.7,27.4,"97.111336716","92.615322932",23.2,47.7
"Machado, Manny",592518,2025,540,17.8,8.5,".358",".381",35.9,12.9,52.7,"103.604682374","96.54837681",24.8,49.7
"Pederson, Joc",592626,2025,204,20.1,12.7,".259",".320",26.5,9.1,46.2,"101.710171692","95.387746692",24.4,43.6
"Whitcomb, Shay",694376,2025,32,31.3,0,".147",".206",27.3,4.5,18.2,"93.960595455","91.204309091",33.3,50
"Stanton, Giancarlo",519317,2025,166,30.7,10.8,".422",".374",36.5,19.8,56.3,"107.90556125","99.142268021",35.5,40.6
"Carter, Evan",694497,2025,212,18.9,9,".323",".316",33.8,6.1,35.8,"98.347841892","93.212442109",25.8,44.7
"Del Castillo, Adrian",680728,2025,74,32.4,4.1,".285",".235",34.8,4.3,47.8,"99.711541739","94.411465",31.4,46
"Maton, Nick",665155,2025,63,30.2,14.3,".274",".242",22.9,5.7,37.1,"98.372717222","93.408373143",40.5,46.4
"Kayfus, C.J.",692216,2025,50,30,6,".319",".341",35.5,12.9,35.5,"97.397874375","93.013132258",36.7,51.1
"Baker, Luken",663609,2025,41,24.4,17.1,".318",".330",25,8.3,54.2,"103.404434167","97.450175",32.9,42.9
"Narváez, Omar",553882,2025,10,10,20,".315",".309",28.6,0,14.3,"94.2214","91.555085714",15.8,44.2
"Hernaiz, Darell",687231,2025,74,9.5,13.5,".336",".322",28.1,5.3,31.6,"96.897254483","92.573127368",14.1,46.6
"Waters, Drew",671221,2025,219,27.4,5,".268",".268",35.6,4.1,28.8,"97.434472083","92.746290972",30.3,56.5
"Fulford, Braxton",690924,2025,71,33.8,2.8,".258",".267",34.1,6.8,45.5,"101.625362273","94.954202955",30.8,52.5
"Henderson, Gunnar",683002,2025,499,22,9.4,".353",".357",31.1,8.9,51.5,"103.63454125","96.52887997",25,47
"Eaton, Nate",681987,2025,31,32.3,3.2,".269",".232",21.1,0,42.1,"98.552234","93.553807368",20.4,43.9
"Tolbert, Tyler",686475,2025,31,25.8,0,".260",".280",40.9,0,31.8,"98.048444545","93.263470952",25.4,65.7
"Barrero, José",676480,2025,31,29,3.2,".209",".191",25,5,20,"92.891037","90.926829",24.6,53.9
"Bleday, JJ",668709,2025,276,24.6,11.6,".303",".288",30.7,6.3,39.2,"99.582748409","93.906695909",28.1,43.5
"Call, Alex",669743,2025,270,15.9,11.1,".341",".323",33,4.7,28.3,"97.199997283","92.680552896",17.4,38.8
"Taylor, Chris",621035,2025,77,36.4,1.3,".251",".254",43.2,6.8,29.5,"95.866991818","92.092428372",39.4,52
"Gurriel Jr., Lourdes",666971,2025,500,13.8,5.8,".306",".313",35.4,6.8,39.1,"99.037089192","93.619802886",19.6,52.3
"Sogard, Nick",686765,2025,65,18.5,4.6,".298",".327",34,6.4,36.2,"97.634461667","93.130746809",16.2,43.4
"Miller, Owen",680911,2025,17,23.5,11.8,".228",".268",10,0,20,"92.43828","92.288553333",12.5,47.1
"Torkelson, Spencer",679529,2025,510,24.9,11,".346",".352",41.5,13.8,45,"100.668750377","94.686061226",26.2,44.9
"Harper, Bryce",547180,2025,432,21.1,11.8,".368",".386",38.9,12.6,47.7,"102.804134789","95.731655035",31.6,54
"Julien, Edouard",666397,2025,135,28.9,9.6,".265",".336",36.6,12.2,40.2,"99.679609024","94.281105",27.3,42.6
"d'Arnaud, Travis",518595,2025,199,31.7,6.5,".280",".300",35,12.5,40,"99.765845167","94.349910417",33.1,53.9
"Bregman, Alex",608324,2025,346,15.3,10.4,".393",".355",31.2,8.4,46,"99.90781488","94.52461508",14.8,41.2
"Harris, Dustin",687957,2025,38,28.9,7.9,".267",".264",41.7,4.2,25,"96.2422775","92.12113875",22.2,51.3
"Mesa Jr., Victor",683748,2025,10,10,20,".252",".266",14.3,0,28.6,"99.019613333","93.509806667",28.6,43.8
"Dunn, Blake",694362,2025,75,33.3,10.7,".273",".315",25.7,8.6,37.1,"99.079548824","93.890402424",33.1,41.8
"Horwitz, Spencer",687462,2025,294,20.1,8.8,".308",".319",39.9,7.7,38,"98.291060388","93.224626553",18.7,46.5
"Gurriel Jr., Yuli",493329,2025,40,20,10,".167",".186",14.3,0,17.9,"94.735272857","91.508708519",18.6,47.3
"Heineman, Tyler",623168,2025,139,18.7,7.9,".386",".292",32,4.1,25.8,"96.191927556","92.116476",21,51.6
"Fry, David",681807,2025,118,34.7,5.9,".258",".208",23.2,7.2,39.1,"98.813034706","93.600177612",29.6,51.2
"Rosario, Amed",642708,2025,166,13.9,4.2,".329",".358",35.8,6,44.8,"101.876674925","95.275717444",20.8,55.1
"Thaiss, Matt",642136,2025,190,24.2,15.3,".298",".295",27.7,4.5,42.9,"99.981091636","94.296854587",28.9,48.2
"Margot, Manuel",622534,2025,20,30,0,".265",".303",42.9,0,14.3,"91.220212857","90.001579286",28.9,55.9
"Renfroe, Hunter",592669,2025,108,19.4,7.4,".219",".261",24.1,6.3,35.4,"99.1918265","93.701721646",23.3,44
"Sheets, Gavin",657757,2025,409,19.3,7.8,".324",".357",40.1,9.9,48.3,"101.321810274","95.173158699",22.8,44.8
"Naylor, Bo",666310,2025,319,24.1,11.9,".284",".303",36.5,10.3,35.5,"99.0604138","93.792998342",22,46.8
"Betts, Mookie",605141,2025,513,10.7,9,".299",".320",35,4.9,34,"97.556170488","92.951556504",15.9,41.7
"Amaya, Miguel",665804,2025,103,21.4,3.9,".346",".309",38.2,6.6,32.9,"97.858989737","93.0655964",26,54
"Báez, Javier",595879,2025,368,24.7,2.4,".306",".281",31.6,5.7,40.3,"99.316752121","93.765444183",30.1,54
"Langford, Wyatt",694671,2025,450,27.8,10.9,".323",".341",33.3,13.2,47.3,"102.227113942","95.624704359",27.1,45.3
"Tovar, Ezequiel",678662,2025,249,23.3,4.4,".333",".351",48,10.6,41.9,"100.676954773","94.570449429",29.3,61.4
"Loftin, Nick",679845,2025,151,14.6,6.6,".273",".308",37.9,6.9,35.3,"97.877141754","93.013228158",18.9,48.8
"Canario, Alexander",672744,2025,189,32.3,8.5,".250",".298",33,12.5,45.5,"101.494573393","94.955054196",37.9,53.8
"Toro, Abraham",647351,2025,284,14.8,4.9,".286",".307",32,4.5,34.2,"97.83336","92.947994955",20.4,49.6
"Lopez, Otto",672640,2025,456,14,8.6,".296",".349",32.3,7.4,39.4,"100.179120977","94.215083458",18.7,45.7
"Edman, Tommy",669242,2025,332,17.2,5.4,".294",".326",33.9,4.8,37.5,"98.915810484","93.657750445",19.9,47.4
"Smith, Dominic",642086,2025,166,18.1,7.8,".328",".313",40.5,4.1,33.1,"97.797690984","93.01650405",21.9,48.5
"Reyes, Pablo",622569,2025,34,29.4,5.9,".214",".235",27.3,4.5,31.8,"96.85312","92.42656",24.6,43.5
"Alvarez, Yordan",670541,2025,121,17.4,13.2,".276",".363",40.5,11.9,46.4,"102.615572381","95.854176786",22.2,45.9
"Wade Jr., LaMonte",664774,2025,242,24,11.2,".242",".284",33.8,4.5,31.8,"98.244666579","93.396152434",22.8,40.9
"Tromp, Chadwick",644433,2025,22,27.3,4.5,".221",".223",26.7,6.7,40,"99.032555714","93.664829286",25.8,44.9
"Caballero, José",676609,2025,301,27.6,12,".307",".299",37.4,5.6,29.6,"97.631695952","92.857557202",26.9,45.1
"Perkins, Blake",663368,2025,90,30,8.9,".329",".264",29.6,5.6,37,"98.681369615","93.718399615",33.3,39.8
"Bichette, Bo",666182,2025,560,14.6,5.7,".346",".363",37.5,8.1,48.8,"101.852723891","95.505579887",18.6,53.3
"Fermin, Freddy",666023,2025,256,16,5.9,".295",".293",29.3,4,34.3,"98.467017895","93.402574921",23.3,51
"Hurtubise, Jacob",674441,2025,15,40,6.7,".202",".258",16.7,0,16.7,"94.89156","92.071823333",25.9,43.5
"Moore, Dylan",664238,2025,211,35.5,9,".276",".275",36.8,8.5,34.2,"97.814166102","92.958894701",34.5,49
"Smith, Cam",701358,2025,422,28,8.1,".303",".314",35.5,6.8,40.8,"100.637233609","94.375947094",28.3,49.3
"Soto, Juan",665742,2025,543,19.3,17.9,".377",".442",33,18,55.5,"104.897860893","97.466463482",22.4,35.2
"Sánchez, Jesús",660821,2025,397,20.4,8.1,".304",".337",29.4,11,45,"103.060525106","95.860154539",25,50.4
"Capra, Vinny",681962,2025,105,23.8,2.9,".150",".221",26.3,2.6,32.9,"96.857216667","92.522860282",24.5,44.8
"Thomas, Colby",687515,2025,57,43.9,5.3,".331",".261",21.4,10.7,42.9,"101.273712857","94.636856429",38.3,60.1
"Gorman, Nolan",669357,2025,283,29.7,13.1,".320",".335",39.5,10.5,40.7,"100.26523475","94.30326761",32.6,46.4
"Lowe, Brandon",664040,2025,420,25.2,6.4,".346",".350",36.8,12.6,46.8,"101.753326127","95.401191731",32,55.1
"Raleigh, Cal",663728,2025,548,26.8,13.7,".394",".375",34.3,18.7,50.8,"103.184116273","96.436573894",31.3,51.7
"Trevino, Jose",624431,2025,241,11.6,5.4,".296",".283",27,4.5,40.5,"99.152279697","93.723548173",16.4,46.5
"Collins, Isaac",686555,2025,340,22.4,12.1,".358",".327",35.8,5.5,39,"99.931096226","94.112993915",23.9,44.5
"Mayo, Coby",691723,2025,173,27.2,8.7,".280",".294",36.4,9.1,40.4,"100.478122727","94.356390367",30.5,46.4
"DeJong, Paul",657557,2025,141,29.1,6.4,".324",".293",36.7,10,43.3,"100.288683111","94.360009333",30.1,56.4
"Jackson, Jeremiah",669236,2025,46,28.3,2.2,".342",".242",28.1,3.1,46.9,"100.54104","95.152147813",30.9,53.4
"McCann, James",543510,2025,86,24.4,9.3,".324",".314",27.8,5.6,51.9,"102.262363333","95.60990537",30.8,48.5
"Harris II, Michael",671739,2025,499,19.2,2.6,".302",".328",30.4,8.2,43.2,"103.179063737","95.722296992",23.1,57.4
"Smith, Will",669257,2025,393,19.1,15,".399",".390",41.6,12.2,45.9,"101.213707109","95.018974353",22.6,38.9
"Wood, James",695578,2025,539,30.2,12.6,".354",".365",34.1,16.4,54.1,"105.869381722","97.743741887",31.9,40.3
"Diaz, Yainer",673237,2025,450,17.1,3.6,".297",".331",34.6,8.5,42.3,"101.092825706","94.797919294",23,60
"Tucker, Kyle",663656,2025,533,14.4,14.8,".356",".383",37.9,10.8,40.6,"99.760778925","94.188561348",20.2,45.3
"Teodosio, Bryce",669326,2025,47,36.2,4.3,".286",".211",19.2,0,30.8,"96.969341538","92.68836",41.9,61
"Giménez, Andrés",665926,2025,260,17.3,7.3,".282",".327",34.2,3.2,29.4,"96.900384505","92.502855249",21.8,50.2
"Joe, Connor",656582,2025,80,25,8.8,".232",".285",38.5,5.8,36.5,"99.612808846","94.084837843",20.7,40.4
"Chaparro, Andrés",665953,2025,15,20,13.3,".318",".356",30,30,50,"104.23881","96.119405",46.9,50
"Noda, Ryan",676116,2025,59,42.4,18.6,".211",".252",21.7,8.7,34.8,"99.337918182","93.769506364",44.1,40.2
"Gonzales, Nick",693304,2025,268,17.2,6,".314",".317",31.7,5.4,41.5,"99.710763883","94.214053415",25.3,56.8
"Butler, Lawrence",671732,2025,506,28.9,9.3,".312",".307",34.8,8.9,43.8,"101.975537032","95.398962654",33.8,46.5
"Olson, Matt",621566,2025,565,23.9,13.3,".361",".371",37.1,13.9,54.8,"103.961225625","96.910073409",25.8,45
"Fairchild, Stuart",656413,2025,55,27.3,7.3,".267",".281",22.2,13.9,36.1,"98.732025625","93.561049355",30.7,51.8
"Varsho, Daulton",662139,2025,152,30.9,8.6,".364",".361",35.9,18.5,44.6,"102.992992","96.117150333",29.9,52.9
"Mangum, Jake",663968,2025,317,15.5,4.7,".291",".278",25,2.4,34.8,"97.757561057","92.950195755",19.5,61.9
"Young, Jared",676724,2025,45,33.3,4.4,".270",".286",37,11.1,37,"97.384387857","93.10493963",33,49.7
"Ibáñez, Andy",628451,2025,137,13.1,5.1,".292",".308",32.4,4.6,33.3,"97.998785283","93.106628762",18,49.6
"Melton, Jacob",689200,2025,55,41.8,5.5,".208",".243",17.9,7.1,46.4,"102.028882143","95.194239643",38.9,44.6
"Moreno, Gabriel",672515,2025,188,17,6.9,".323",".339",34.5,6.3,47.2,"100.29053662","94.771628451",18.6,46
"Malloy, Justyn-Henry",669234,2025,118,26.3,16.1,".290",".294",34.3,4.5,29.9,"96.090722353","92.185006119",29.4,39.8
"Moore, Christian",695681,2025,111,30.6,12.6,".284",".292",41.9,4.8,30.6,"99.448561","93.821302203",34,45.9
"Tatis Jr., Fernando",665487,2025,549,18.2,13.3,".349",".383",29.7,10.8,51.9,"103.583683587","96.54498891",26.6,45.8
"Canzone, Dominic",686527,2025,198,20.2,7.6,".350",".368",35.5,12.8,49.6,"102.387111429","95.769699786",23.4,49.9
"Hamilton, David",666152,2025,143,23.1,5.6,".221",".256",26.7,4,25.7,"96.356630417","92.206884896",22.7,46.1
"Altuve, Jose",514888,2025,520,16.3,8.8,".345",".307",29.2,5.7,29.2,"96.909156984","92.468283448",20.2,50.3
"Solano, Donovan",456781,2025,173,20.8,4.6,".287",".271",35.7,4,37.3,"97.97551873","93.109853413",25.2,51.4
"Rice, Ben",700250,2025,401,20.2,10.5,".350",".412",36.6,16.8,55.6,"104.604298134","97.478132135",22.8,43.5
"Castro, Willi",650489,2025,384,24.2,8.3,".312",".317",36.4,7.2,40.4,"99.9266092","93.99166996",27.4,53.4
"Allen, Nick",669397,2025,383,23.5,7.8,".253",".254",29.2,0,21.2,"94.662676935","91.342846129",21,47.9
"Jeffers, Ryan",680777,2025,390,20.3,10,".335",".339",34.3,7.5,43.4,"101.111651818","94.730533977",21.3,39.5
"Saggese, Thomas",695336,2025,157,27.4,3.8,".275",".280",38.3,6.5,46.7,"100.288465094","94.672930377",26.5,54.2
"Yoshida, Masataka",807799,2025,93,18.3,3.2,".281",".306",24.3,8.6,40,"99.528652571","94.112061571",19.4,43.6
"Ritter, Ryan",690022,2025,131,29,5.3,".291",".238",25.9,2.4,29.4,"96.006910513","92.050250641",37.7,57.1
"Barrosa, Jorge",678489,2025,38,26.3,0,".141",".186",25.9,0,25.9,"95.084133846","91.696372308",26.7,49.3
"Amador, Adael",691182,2025,128,21.1,8.6,".238",".271",30.3,3.4,24.7,"96.266382195","92.139779878",20.7,47.2
"Conine, Griffin",665052,2025,71,26.8,9.9,".345",".330",37.8,15.6,51.1,"102.563045217","95.798960667",32.5,45
"Vilade, Ryan",668723,2025,15,33.3,13.3,".151",".304",25,12.5,75,"105.358295","99.62571875",21.2,55
"Gelof, Zack",680869,2025,28,46.4,7.1,".113",".183",38.5,7.7,53.8,"99.615614286","94.586036154",46.6,50.9
"Winkler, Jack",676466,2025,12,33.3,0,".147",".221",37.5,12.5,25,"96.88142","92.44071",33.3,48.2
"Manzardo, Kyle",700932,2025,395,25.6,10.1,".338",".330",38.2,12,41,"99.963907419","94.337717097",27,46.9
"Schwarber, Kyle",656941,2025,560,27.1,14.6,".400",".424",36,20.2,60.9,"105.802092767","98.281999085",32.6,41.3
"Muncy, Max",691777,2025,213,30.5,4.2,".279",".278",33.8,10.3,32.4,"99.498044627","93.792812406",32.3,50.5
"Paredes, Isaac",670623,2025,409,16.4,12,".361",".332",37.4,6.3,33.2,"97.984294648","93.068933592",15.4,40.6
"Rooker Jr., Brent",667670,2025,553,22.1,9.4,".361",".374",39.6,14.2,46.8,"101.768320374","95.291990508",30.9,49.8
"Nootbaar, Lars",663457,2025,439,21.9,10.9,".315",".325",34.8,9.7,51.4,"102.106180207","95.649228062",21.1,39.3
"Story, Trevor",596115,2025,507,28.2,4.9,".315",".306",32.3,9.6,47.3,"102.325708303","95.548188909",29.5,54
"Clase, Jonatan",682729,2025,112,25,8.9,".267",".295",21.9,6.8,35.6,"98.503751471","93.279422647",27.1,47.2
"Marte, Starling",516782,2025,233,17.6,7.3,".340",".336",29.9,7.2,40.1,"100.669810123","94.52086528",24.6,50.6
"Williamson, Ben",810938,2025,295,21.7,5.1,".269",".272",23.3,3.3,40.5,"99.548201226","93.912783555",21.9,48.1
"DeLuca, Jonny",676356,2025,59,22,3.4,".350",".265",31.8,2.3,31.8,"97.202066364","92.618060227",23.9,50.4
"Black, Tyler",672012,2025,13,7.7,38.5,".431",".428",42.9,0,28.6,"92.6937675","92.279112857",33.3,38.9
"France, Ty",664034,2025,434,16.4,4.6,".309",".342",35.9,8,43,"100.546958509","94.617008696",21.1,51.9
"Martínez, Angel",682657,2025,385,21.8,3.9,".279",".266",34,3.5,31.2,"97.604905217","92.865255652",21,55
"Thomas, Alek",677950,2025,371,25.9,4.6,".293",".302",28.9,8.7,41.5,"101.117970887","94.910679109",28.5,52.1
"Pereira, Everson",677592,2025,21,47.6,9.5,".210",".230",44.4,11.1,44.4,"98.46658","94.40018",48.6,35.6
"Lindor, Francisco",596019,2025,559,19.3,7.3,".336",".334",32.9,8.5,43.5,"100.53270199","94.709818138",21.3,48.9
"Vázquez, Luis",676679,2025,27,25.9,3.7,".105",".277",36.8,15.8,57.9,"101.737001111","96.109670556",32,56.2
"Wagaman, Eric",676572,2025,421,20.2,6.4,".283",".323",34.1,7.1,46.4,"102.253207403","95.494886873",25,45.1
"Rocchio, Brayan",677587,2025,254,20.9,4.7,".278",".300",35.2,3.3,35.7,"98.079867045","93.171237371",25.6,52.1
"Osuna, Alejandro",696030,2025,95,22.1,13.7,".233",".358",37.3,8.5,40.7,"100.137389655","94.257344386",17.9,41.6
"Haase, Eric",606992,2025,77,40.3,5.2,".287",".278",30,10,22.5,"95.763671","92.169992051",36.7,46.9
"Nuñez, Nasim",683083,2025,49,20.4,10.2,".235",".277",23.5,2.9,32.4,"97.716565625","92.927043438",21.2,49.6
"Ramos, Heliot",671218,2025,546,23.4,7.9,".326",".323",32.1,9.1,47.6,"102.22864933","95.620062961",24.6,47.7
"Ruiz, Keibert",660688,2025,267,9.7,3,".263",".287",31.3,2.2,30.9,"96.142920957","92.090094629",12.8,52.8
"Short, Zack",670097,2025,56,32.1,7.1,".296",".234",18.2,3,39.4,"98.439797333","93.533943333",29.4,40.5
"Escarra, J.C.",641555,2025,98,14.3,11.2,".281",".305",27.8,5.6,43.1,"100.294987778","94.348824722",19.4,43
"Bouchard, Sean",656248,2025,73,37,9.6,".225",".224",28.2,0,30.8,"96.339928","92.310214872",34.7,43.2
"Wong, Connor",657136,2025,143,22.4,7.7,".212",".268",31.3,4,30.3,"96.896438333","92.468400104",23.2,48.1
"Volpe, Anthony",683011,2025,494,23.7,8.1,".300",".317",33.3,10.2,42.6,"100.350455","94.548699849",24.5,44.8
"Brown, Seth",664913,2025,76,30.3,11.8,".266",".301",40.5,9.5,40.5,"98.639958095","93.322191667",32.4,48.7
"McCormick, Chas",676801,2025,103,26.2,7.8,".272",".310",32.8,4.5,28.4,"97.458036667","92.729018333",34.1,54.3
"Winker, Jesse",608385,2025,81,25.9,11.1,".301",".292",29.4,7.8,45.1,"101.052788462","94.994217843",22.4,45.1
"Meidroth, Chase",805367,2025,369,13.8,9.8,".298",".307",28.1,1.8,37.8,"97.87155","93.07183719",12.8,37.4
"Morel, Christopher",666624,2025,246,36.2,7.3,".291",".309",32.1,14.6,48.2,"102.8120775","95.949131618",38.9,55.1
"Rushing, Dalton",687221,2025,108,39.8,7.4,".245",".274",39.3,10.7,41.1,"100.909646786","94.693648571",36.5,43.6
"Edwards, Xavier",669364,2025,493,13.2,8.1,".327",".301",34.4,0.8,31.3,"97.096102663","92.63142663",10.5,48.3
"Crow-Armstrong, Pete",691718,2025,513,24.2,4.3,".345",".338",34.7,13.1,41.4,"100.442043448","94.53035902",29.1,60.8
"Albies, Ozzie",645277,2025,536,15.7,8.8,".283",".291",34.2,3.5,29.9,"96.615107662","92.362684663",21.4,53.9
"Jansen, Danny",643376,2025,288,26,12.5,".308",".302",35.8,8.7,41,"99.006035814","93.830700349",23.9,43.2
"Schneemann, Daniel",682177,2025,331,25.1,10,".305",".329",34.4,11.3,41.5,"99.981484712","94.196897837",28.7,44.3
"Berti, Jon",542932,2025,107,20.6,4.7,".226",".289",30.8,2.6,37.2,"99.086163333","93.621396104",26.3,47.6
"Contreras, Willson",575929,2025,482,24.7,8.1,".344",".378",39.2,14.4,49,"103.249829539","96.161760891",28.3,48.3
"Muncy, Max",571970,2025,347,21,17.3,".380",".400",38.9,13.7,52.6,"102.062418868","95.678555355",23.5,42.8
"Kwan, Steven",680757,2025,528,8.7,8.1,".320",".310",38.5,2.3,20.6,"94.50122831","91.258279035",8.7,41.4
"Keith, Colt",690993,2025,391,20.7,11.3,".341",".362",40,9.4,44.5,"100.73177218","94.809949358",22.1,44.2
"Lewis, Royce",668904,2025,261,15.7,8.4,".284",".326",33.8,9.1,42.4,"101.176625657","94.844452273",23.3,49.6
"Wells, Austin",669224,2025,353,24.1,6.5,".286",".286",29.6,9.2,45.4,"101.45199175","95.0615641",26.4,51.5
"Hinds, Rece",677956,2025,44,47.7,2.3,".177",".263",31.8,18.2,50,"102.76882","96.340739545",52.7,54.4
"Urshela, Gio",570482,2025,197,20.3,6.6,".271",".294",41.7,2.1,34,"97.570132254","92.832189085",30.1,55.6
"Dezenzo, Zach",701305,2025,109,33.9,10.1,".306",".329",42.6,16.4,41,"100.586424839","94.450580984",33.5,44.2
"Taylor, Michael A.",572191,2025,254,32.7,8.3,".297",".301",41.6,11.4,46.3,"102.269767971","95.672076522",38,51.2
"Farmer, Kyle",571657,2025,264,20.8,5.3,".281",".283",37.2,5.2,33.5,"97.553381789","92.94602873",21.2,48.8
"Candelario, Jeimer",600869,2025,91,31.9,9.9,".190",".217",20.8,7.5,28.3,"96.216884815","92.187747736",32.3,49.6
"Fraley, Jake",641584,2025,193,21.2,12.4,".318",".325",38.6,5.5,34.6,"98.445612857","93.226569603",24.1,46.9
"Suzuki, Seiya",673548,2025,525,25.9,10.1,".345",".367",42,18.2,50,"103.435055952","96.198784137",24.6,41.1
"Devers, Rafael",646240,2025,572,26,15.4,".363",".377",33.4,15.5,56.8,"103.832209817","96.993057652",32,47.9
"McMahon, Ryan",641857,2025,478,31,12.6,".317",".340",36.2,11.9,50,"102.873140154","96.345654538",35,44.9
"Lowe, Josh",666139,2025,309,22.3,8.4,".291",".319",33.8,5.6,41.7,"99.780920192","94.25149285",25.2,53.9
"Larnach, Trevor",663616,2025,446,22,9.2,".318",".320",33.8,7.6,45,"101.242800662","95.061190728",30.1,44.6
"Vientos, Mark",668901,2025,327,22.9,5.8,".286",".306",32.5,9.1,48.9,"101.336349483","95.286529913",30.4,51.6
"Fortes, Nick",663743,2025,174,17.2,5.2,".278",".271",28.9,5.5,39.1,"99.194219677","93.616361048",19,46.6
"Miranda, Jose",669304,2025,36,36.1,0,".179",".206",26.1,4.3,43.5,"99.880571667","94.345161304",26.5,53.5
"Ward, Taylor",621493,2025,535,26.7,10.8,".345",".346",35.8,14.5,43.1,"101.005763494","94.912298825",24.2,37.8
"Bogaerts, Xander",593428,2025,508,16.1,9.3,".317",".338",37,6.9,38.3,"100.120768011","94.179159435",19.9,41.4
"Garcia, Maikel",672580,2025,514,13,8.8,".360",".348",34.7,5.7,43.9,"101.302742538","94.978576168",15.3,40.1
"Fitzgerald, Ryan",680837,2025,12,8.3,0,".244",".292",27.3,9.1,27.3,"96.219355","92.483284545",17.6,58.6
"Isbel, Kyle",664728,2025,339,18.9,5,".294",".256",26.8,1.6,35.8,"99.563493932","93.85705453",19.1,47.3
"Davidson, Logan",669722,2025,24,50,12.5,".222",".195",22.2,0,33.3,"98.0467875","93.02339375",29.2,47.5
"Urías, Ramón",602104,2025,331,21.1,6.9,".304",".298",32.6,7.6,40,"99.474728205","94.01194265",25.8,48.7
"Sánchez, Gary",596142,2025,101,26.7,4,".312",".322",24.6,10.8,57.8,"103.08155625","96.651706563",26.7,42.4
"Smith, Pavin",656976,2025,270,31.5,14.8,".352",".331",35.2,11.7,46.2,"100.529924521","94.597789379",32.1,40.5
"Díaz, Elias",553869,2025,250,26,8.4,".254",".253",26.4,6.1,37.4,"99.489336329","93.890716815",33.7,50.5
"Hampson, Garrett",641658,2025,89,31.5,12.4,".210",".231",26,2,20,"93.03904913","90.577615556",22.4,39.7
"Polanco, Jorge",593871,2025,399,16,8,".321",".346",32.3,9.7,44.3,"101.298727432","94.893826453",25,45.4
"Seigler, Anthony",678011,2025,55,18.2,10.9,".249",".331",44.7,2.6,39.5,"98.880509444","93.679302778",22,43.5
"Robertson, Will",683770,2025,18,61.1,5.6,".128",".135",20,0,60,"100.820666667","95.6924",45,59.7
"Hassell III, Robert",690987,2025,113,25.7,1.8,".260",".315",39,7.3,42.7,"99.8605895","94.170533375",28.9,53.8
"Suárez, Eugenio",553993,2025,510,27.8,6.3,".356",".335",31.3,14.4,49.7,"101.68448775","95.266527031",32.9,50.9
"Guillorme, Luis",641645,2025,21,38.1,4.8,".159",".254",33.3,0,25,"94.741063333","91.939935455",28.9,46.9
"Pauley, Graham",688363,2025,159,20.1,10.7,".302",".303",33.6,6.4,36.4,"97.924258545","93.009990734",26.5,47
"Ornelas, Jonathan",680716,2025,10,30,10,".246",".141",0,0,33.3,"91.96826","92.03467",25,48.8
"Acuña, Luisangel",682668,2025,175,19.4,6.3,".262",".278",30.5,1.6,35.9,"99.762089833","93.94748425",23.1,49.4
"Marsh, Brandon",669016,2025,317,24.9,8.8,".322",".341",36.4,8.6,49.3,"100.872272816","95.156859073",22.1,47.3
"Bliss, Ryan",669208,2025,39,28.2,10.3,".269",".315",37.5,12.5,33.3,"98.429506667","93.231437917",37.1,46.4
"Domínguez, Jasson",691176,2025,391,27.4,9.7,".315",".309",29.5,6.6,49.2,"102.193493607","95.583217213",27.5,50.3
"Rafaela, Ceddanne",678882,2025,452,19.2,4.6,".312",".324",32.5,10.4,41.7,"100.140989167","94.350319612",26.3,59.8
"Gonzalez, Oscar",660757,2025,61,21.3,3.3,".217",".297",34.8,6.5,45.7,"100.983558261","94.74139413",27.1,66.7
"Bride, Jonah",681146,2025,125,31.2,8.8,".203",".229",28.4,2.7,28.4,"96.765093784","92.515973243",24.9,33.3
"Clarke, Denzel",672016,2025,159,38.4,3.8,".282",".258",29.2,6.7,42.7,"101.799379767","95.151251744",32.7,47.1
"Castellanos, Nick",592206,2025,501,21.4,4.8,".304",".317",38.1,8.7,34.6,"98.72526541","93.454235644",28.7,58.7
"Hummel, Cooper",669450,2025,105,29.5,13.3,".268",".326",31,12.1,37.9,"100.34355","94.891784737",32.4,41.8
"Newman, Kevin",621028,2025,116,19.8,0.9,".209",".220",28.3,2.2,29.3,"95.824514565","91.955249121",17,52.4
"Casas, Triston",671213,2025,112,24.1,9.8,".256",".307",34.7,9.7,44.4,"100.957485","94.540363056",31.1,48.5
"Wilson, Weston",642215,2025,68,26.5,11.8,".308",".346",42.9,9.5,35.7,"99.696974762","93.993549762",28.3,43.6
"Simpson, Chandler",802415,2025,300,9.3,5.3,".304",".301",30.3,0,17,"93.366414754","90.757430206",10.8,47.3
"Urías, Luis",649966,2025,323,13.3,9.3,".296",".304",29.8,3.7,30.6,"96.838119587","92.431204463",13,42.4
"Johnson, Bryce",669369,2025,56,26.8,5.4,".318",".304",35.1,5.4,27,"96.4766825","92.495901613",27.2,48.2
"García, Adolis",666969,2025,473,25.8,5.1,".282",".312",32.5,12.1,47.7,"102.070929876","95.673694565",31.1,52.2
"Hoerner, Nico",663538,2025,496,7.3,6,".315",".316",34,2.1,28.3,"96.194200332","92.144763587",11.4,48.9
"Donovan, Brendan",680977,2025,476,13.2,8.4,".328",".355",39.3,8.2,40.7,"99.903100884","94.348162956",13.1,43.8
"Suwinski, Jack",669261,2025,125,31.2,16,".260",".344",34.9,14.3,38.1,"99.951116563","94.131305397",30.5,38.9
"Campbell, Kristian",692225,2025,263,27.4,11,".299",".296",30.4,5.1,41.8,"100.531882308","94.411397756",27.3,42.1
"Lowe, Nathaniel",663993,2025,496,26.2,9.9,".296",".313",33.9,7.6,40.8,"100.477633567","94.511962716",24,44.6
"Pasquantino, Vinnie",686469,2025,525,16.2,7,".334",".336",32.3,9.3,43.7,"101.003285178","94.757925685",17.8,47.9
"Barger, Addison",680718,2025,387,25.3,6.5,".339",".353",37.5,13,52.1,"104.207828168","96.745142835",26,50.7
"Bell, Josh",605137,2025,426,17.1,11.3,".315",".353",30.7,11,45,"102.191081149","95.349936115",23.9,46.2
"Bailey, Patrick",672275,2025,345,30.1,7.2,".255",".266",35.5,6.1,36.9,"99.200046346","93.733697391",30,49.8
"Rogers, Jake",668670,2025,110,28.2,12.7,".264",".266",35.4,9.2,36.9,"98.064296563","93.34376625",28.5,44.4
"Duran, Jarren",680776,2025,555,23.8,8.5,".340",".339",34.7,10.4,48.4,"103.61170956","96.395410357",29,47
"De La Cruz, Bryan",650559,2025,50,36,6,".208",".248",44.8,6.9,51.7,"101.415012","95.216104483",34,54.2
"Keaschall, Luke",807712,2025,81,13.6,9.9,".404",".347",38.3,8.3,33.3,"97.654987333","93.087862333",17.6,45.1
"Keirsey Jr., DaShawn",680577,2025,85,37.6,2.4,".146",".182",20,6,36,"98.1940692","93.297323061",25.6,51.6
"Basallo, Samuel",694212,2025,11,9.1,0,".340",".343",22.2,0,44.4,"99.375096","94.87858",23.1,66.7
"Kurtz, Nick",701762,2025,357,29.7,12.6,".436",".389",40.7,18.1,52,"104.131712451","96.99019902",32.5,43.3
"Marte, Ketel",606466,2025,412,14.1,13.1,".400",".411",32.2,15.3,47.8,"102.754691497","95.904655597",21.5,44.5
"Bernabel, Warming",682653,2025,90,12.2,4.4,".380",".313",34.7,4,34.7,"97.146990526","92.6344752",17.4,55.3
"Anthony, Roman",701350,2025,246,25.6,14.6,".372",".378",36.6,13.4,57.7,"103.390997887","97.218096525",28.9,36.4
"Freeman, Cody",683227,2025,17,11.8,0,".148",".265",26.7,0,33.3,"97.55950875","93.098404667",15.4,55.7
"Westburg, Jordan",676059,2025,304,21.7,4.9,".346",".343",30.4,11.1,43.8,"101.463925046","94.982011982",27.8,50.2
"Hays, Austin",669720,2025,308,26,8.1,".327",".321",32.7,11.4,37.1,"99.3470323","93.805982312",32.2,51.6
"Friedl Jr., TJ",670770,2025,532,16.4,11.1,".335",".305",33.1,3,30.4,"97.180752655","92.671813654",17.2,39.1
"Wallner, Matt",670242,2025,294,29.3,12.6,".345",".347",32.5,14.5,47.6,"103.236052289","96.160543152",37.3,49.2
"Pereda, Jhonny",640902,2025,46,28.3,13,".241",".241",25.9,0,48.1,"100.4121","94.435903704",29.6,39.7
"Kjerstad, Heston",677008,2025,167,26.9,3.6,".248",".303",40.2,8,41.1,"99.548861786","93.904868661",28.4,56.6
"Lee, Brooks",686797,2025,393,18.1,5.1,".295",".301",32.8,6.4,40.1,"98.573373221","93.597611007",24.4,49.6
"Straw, Myles",664702,2025,254,16.1,5.5,".297",".305",36.4,4.5,27.3,"96.113045217","92.120648315",16.4,47.3
"Barnhart, Tucker",571466,2025,15,26.7,6.7,".271",".223",22.2,0,11.1,"95.017356","91.959773333",4,43.1
"Riley, Austin",663586,2025,447,28.6,6,".319",".338",37,15.2,50.2,"104.205844276","96.625096678",29.5,51
"Carpenter, Kerry",681481,2025,356,21.9,3.4,".353",".344",37,13.2,45.1,"100.952140394","95.045325099",25,54.1
"Perez, Salvador",521692,2025,495,20.2,4.2,".314",".369",35.7,15.4,47.3,"102.365337033","95.480809945",27.3,58.3
"Turang, Brice",668930,2025,509,22.2,9,".331",".336",36.4,7.2,45.6,"100.218641716","94.587535178",20.9,45.7
"House, Brady",691781,2025,179,26.3,2.8,".244",".293",37,3.9,44.1,"100.687059683","94.591873333",30.9,58.4
"Fernández, Yanquiel",692585,2025,77,29.9,2.6,".249",".203",26.9,3.8,30.8,"97.822120769","93.031390196",27.9,54.1
"Murphy, Sean",669221,2025,311,31.2,10.9,".323",".332",30.8,14.5,42.7,"102.298859294","95.345933588",32.3,47.8
"Witt Jr., Bobby",677951,2025,540,19.3,8,".358",".382",37.1,12.9,47.9,"103.897869326","96.606224948",25.3,50.8
"Cronenworth, Jake",630105,2025,386,20.5,12.4,".333",".316",29.7,6.5,37.8,"99.33072843","93.833813776",18.5,44
"Pagés, Pedro",686780,2025,315,26.7,5.7,".279",".272",32.7,8.1,39.3,"99.824929612","94.087711659",26.5,50.6
"Alonso, Pete",624413,2025,542,22.9,9.4,".366",".402",39.5,19.2,52.3,"104.960462655","97.318497486",26.8,46.6
"Sosa, Edmundo",624641,2025,211,22.7,4.3,".308",".302",35.8,5.3,35.8,"99.099401757","93.602836735",26.7,56.6
"McCray, Grant",687529,2025,21,47.6,0,".124",".201",36.4,18.2,27.3,"97.755166","92.970156",35.9,57.4
"Benintendi, Andrew",643217,2025,381,16.5,8.4,".302",".324",35,10.6,36.7,"98.186432553","93.193900107",23.8,49.6
"Lile, Daylen",695734,2025,223,17,4.9,".303",".330",42.4,3.5,39.4,"98.952800118","93.561319059",17.3,51.3
"Encarnacion-Strand, Christian",687952,2025,137,23.4,2.2,".261",".284",29,9,44,"100.823273","94.4550123",25.8,56.3
"Jung, Jace",690291,2025,53,28.3,13.2,".188",".255",30,3.3,40,"99.865137333","94.033628333",23.5,46.4
"Gorski, Matt",685301,2025,42,38.1,2.4,".257",".254",32,12,32,"97.866259231","93.1304548",38.9,49.7
"Hernandez, Heriberto",681715,2025,171,28.7,8.2,".341",".318",31.8,10.3,44.9,"101.457045472","95.060178302",37.9,46.9
"Amaya, Jacob",676070,2025,73,21.9,4.1,".120",".200",22.2,0,29.6,"97.032412308","93.052247451",19.6,39.8
"Fermín, José",665877,2025,22,13.6,9.1,".431",".334",35.3,0,41.2,"98.7028275","93.745085625",12.5,40.5
"Triolo, Jared",669707,2025,225,19.1,11.6,".262",".317",31.6,5.2,35.5,"98.985559067","93.657587867",23.4,48.4
"Loperfido, Joey",694388,2025,89,25.8,4.5,".400",".335",35.6,5.1,35.6,"98.217468621","93.305343333",28.9,53.6
"Noel, Jhonkensy",678877,2025,111,31.5,2.7,".166",".181",17.8,4.1,38.4,"102.878819459","95.635262603",34.4,59.5
"Verdugo, Alex",657077,2025,213,14.6,6.6,".265",".312",34.9,3,42.8,"99.887519759","94.267966303",14.4,38.6
"Stefanic, Michael",683021,2025,25,12,12,".225",".292",21.1,5.3,42.1,"97.646602","93.775205789",16.2,37.8
"Nimmo, Brandon",607043,2025,510,21.6,8.4,".331",".333",30,8.9,49.1,"101.872829771","95.577934613",22.7,46.6
"Ornelas, Tirso",672359,2025,16,12.5,12.5,".142",".293",16.7,8.3,41.7,"99.520206667","94.265940833",14.3,45.2
"Koss, Christian",683766,2025,143,23.8,4.2,".301",".327",32,7,36,"99.708743542","93.955689158",30.7,54.9
"Jimenez, Leo",677870,2025,32,25,6.3,".139",".250",22.7,9.1,50,"101.288531818","95.453145714",21.3,42.7
"Chourio, Jackson",694192,2025,472,20.1,4.7,".335",".319",35.1,8.5,40.2,"100.7507324","94.5897746",26.3,54.3
"Harris, Brett",695391,2025,17,11.8,11.8,".311",".320",38.5,0,15.4,"93.464094286","91.67279",12.1,39.8
"Dunn, Oliver",686554,2025,41,26.8,4.9,".190",".246",35.7,0,32.1,"99.923279167","94.14957875",32.3,42.2
"Lopez, Nicky",670032,2025,28,14.3,14.3,".130",".250",15,0,40,"97.358447","92.6792235",8.7,43.4
"Aranda, Jonathan",666018,2025,409,24.9,9.8,".378",".391",42.1,12.4,54.9,"102.729107031","96.300714648",24.9,49.2
"Sanoja, Javier",691594,2025,256,13.3,5.9,".284",".291",34.5,1.9,34,"97.968222449","93.141706154",13.1,46.5
"Ballesteros, Moisés",694208,2025,20,5,10,".265",".321",23.5,5.9,29.4,"99.221797778","94.214519412",16.2,45.7
"Sosa, Lenyn",672820,2025,416,21.6,3.4,".322",".348",39.5,10.4,43.7,"100.888887582","94.872024967",22.8,51.6
"English, Tristin",663536,2025,23,34.8,4.3,".123",".136",35.7,0,35.7,"96.88706","92.885800714",19.6,52.6
"Rodgers, Brendan",663898,2025,128,35.9,8.6,".247",".311",40,14.3,48.6,"101.904707429","95.241190286",37.8,47.2
"Rengifo, Luis",650859,2025,435,18.9,6,".286",".317",34.6,5.2,35.2,"98.309697938","93.297650063",23.4,52.7
"Beavers, Dylan",687637,2025,18,27.8,22.2,".371",".304",55.6,0,22.2,"92.768778","90.865974444",25,33.8
"Lockridge, Brandon",663604,2025,135,25.2,5.9,".262",".269",27.2,2.2,29.3,"97.170777273","92.612935114",25.3,53.2
"Hill, Derek",656537,2025,121,34.7,6.6,".270",".306",37.1,11.4,51.4,"102.627554063","96.209899063",34.9,52.9
"Arias, Gabriel",672356,2025,361,31.6,5.8,".288",".301",31.8,11.4,42.3,"102.140472294","95.38212055",40,58.1
"Vargas, Miguel",678246,2025,471,17,9.1,".311",".321",36.7,8.2,41.1,"99.4467825","94.109852303",19.6,46.9
"Scott II, Victor",687363,2025,402,24.6,9.2,".283",".291",35.7,4.3,27.5,"97.131558462","92.598092489",28,48.8
"Sabol, Blake",666165,2025,18,38.9,5.6,".157",".220",20,10,40,"99.726132","93.863066",31.1,52.9
"Caminero, Junior",691406,2025,508,20.7,5.7,".346",".341",27.4,11.8,50,"103.695433065","96.391957366",25.1,51.1
"Anderson, Tim",641313,2025,90,32.2,3.3,".229",".218",20,0,36.4,"97.435145185","92.993100556",31.9,56.1
"Peraza, Oswald",672724,2025,181,27.1,6.1,".202",".261",29.2,5.8,35.8,"99.740298305","94.075278376",31.8,54.4
"Torres, Gleyber",650402,2025,486,14.6,13,".337",".381",38.8,9.2,39.9,"100.126925172","94.452862478",19.5,41.2
"Johnson, Daniel",669288,2025,46,23.9,6.5,".221",".278",25,9.4,37.5,"99.91885625","93.959752813",35.3,50.9
"Clemens, Kody",665019,2025,269,22.7,7.8,".308",".341",32.2,11.5,50.8,"102.360151236","96.197031854",24.1,48.2
"Meadows, Parker",678009,2025,137,29.2,8.8,".255",".303",37.6,4.7,29.4,"97.668797561","92.897127901",31.1,46.1
"Herrera, Iván",671056,2025,304,21.1,9.2,".353",".354",30.7,9.8,45.9,"102.505147941","95.734419015",23.9,45
"Schneider, Davis",676914,2025,157,26.8,15.3,".372",".353",31.5,18,39.3,"99.919611778","94.484980225",26.3,42.9
"Palacios, Joshua",641943,2025,145,24.8,8.3,".272",".308",29,8.6,39.8,"101.061781778","94.71795191",27.8,51.6
"Campero, Gustavo",672569,2025,66,21.2,7.6,".278",".330",27.3,6.8,22.7,"95.820476364","92.031090233",27.6,48.9
"Buxton, Byron",621439,2025,398,26.9,7.8,".372",".360",33.2,16.8,54.3,"103.387319063","96.503424902",29.9,50.6
"Higashioka, Kyle",543309,2025,239,20.5,5.4,".312",".308",41.1,8.6,41.7,"99.366051264","94.100123353",20.4,44.8
"Goldschmidt, Paul",502671,2025,445,18.9,7,".327",".340",36.9,8.9,42.8,"100.66543963","94.672603065",20.6,48.6
"Turner, Justin",457759,2025,158,15.8,8.9,".270",".311",37.3,4.2,30.5,"97.207961017","92.77094178",15.1,47.8
"Lee, Korey",686676,2025,31,16.1,6.5,".289",".212",20.8,0,25,"95.157866667","92.030558261",20.8,44.4
"Vivas, Jorbit",678391,2025,66,19.7,7.6,".242",".309",32.6,4.7,37.2,"97.064059545","92.664742791",25.4,49.6
"Wilson Jr., Jacob",805779,2025,396,7.8,5.3,".346",".305",32.6,2.1,25.3,"95.286137857","91.659604746",10.5,50.8
"LeMahieu, DJ",518934,2025,142,24.6,9.9,".304",".301",28,4.3,51.6,"101.062913913","95.603953804",22,42.1
"Marte, Noelvi",682622,2025,217,19.4,3.7,".369",".339",31.7,9.1,37.8,"100.706121951","94.53314638",27,53
"Refsnyder, Rob",608701,2025,157,26.1,11.5,".356",".342",36.1,11.3,50.5,"102.285552653","95.805521649",27.3,41.6
"Freeman, Tyler",671289,2025,302,9.6,9.3,".342",".340",32.8,2.9,42.4,"99.943991111","94.319321416",10.3,45.7
"Caglianone, Jac",695506,2025,161,21.1,5,".216",".332",29.3,12.1,42.2,"103.006451724","95.631628534",26.1,52.9
"Gonzalez, Romy",663853,2025,235,25.5,5.1,".359",".362",34.2,14.9,58.4,"104.4358665","97.450017563",30.4,53
"Beck, Jordan",687597,2025,453,27.8,7.9,".341",".326",38,10.1,39.7,"100.594682837","94.419784433",30,46.6
"Slater, Austin",596103,2025,142,27.5,7.7,".298",".376",41.3,15.2,50,"102.794110909","96.169243636",24.4,49.6
"Mead, Curtis",678554,2025,173,25.4,8.7,".293",".301",30.3,5.5,36.7,"99.43387463","93.86860028",21,45
"Santana, Carlos",467793,2025,448,18.3,11.6,".294",".302",31.2,5.1,37.6,"99.290350705","93.680958167",24.1,44.9
"Soler, Jorge",624585,2025,315,29.8,8.9,".298",".304",31.9,12.8,42,"101.751590213","95.016723457",30.1,44.5
"Díaz, Yandy",650490,2025,523,14.5,7.6,".345",".365",30.2,9,51.7,"104.798313266","97.11633262",17.7,44.6
"Matthews, Brice",694728,2025,40,45,5,".263",".310",47.4,26.3,42.1,"103.173155556","96.33766",50.6,51.6
"Busch, Michael",683737,2025,454,24.2,9,".358",".383",40.5,15.3,45.6,"101.06799137","95.069924863",25.8,47.5
"Alvarez, Francisco",682626,2025,209,25.8,10.5,".345",".347",32.8,12.2,53.4,"103.719938636","96.742799847",35.5,46
"Swanson, Dansby",621020,2025,507,27.2,6.3,".304",".349",35.9,12.2,47.8,"101.149421018","95.026128892",30.6,50.4
"Trout, Mike",545361,2025,425,29.9,16.7,".352",".372",42.8,14.4,46.8,"103.031390811","95.927109095",29.1,38.6
"Laureano, Ramón",657656,2025,360,23.9,7.5,".384",".379",38.8,13.3,48.3,"101.885332941","95.317898613",26.5,46.9
"Ohtani, Shohei",660271,2025,573,26.4,14.7,".419",".431",34.4,22.5,57.8,"106.025084611","98.121851317",33.6,44.6
"Mountcastle, Ryan",663624,2025,243,23.5,4.1,".289",".333",38.2,12.1,46.8,"101.53524023","95.184884913",29.7,58.1
"McKinstry, Zach",656716,2025,420,22.4,9.8,".335",".306",41.6,6,30.6,"97.060505714","92.530404929",22.5,46.6
"Rojas, Johan",679032,2025,172,23.3,7.6,".254",".275",27.7,3.4,35.3,"99.557933889","93.879675648",24.7,52.5
"Brennan, Will",686823,2025,13,7.7,7.7,".177",".205",0,0,30,"93.066842","91.236264",25,43.5
"Martini, Nick",605361,2025,111,16.2,8.1,".259",".259",26.2,3.6,31,"97.063985476","92.605228313",19.1,44.9
"Misner, Kameron",670224,2025,217,31.8,7.4,".272",".246",27.5,5.3,29.8,"98.404901875","93.313993858",34.4,47.3
"Paris, Kyren",677347,2025,140,42.1,7.1,".284",".279",34.3,16.4,47.8,"100.929316364","94.91915303",45.7,49.2
"Clement, Ernie",676391,2025,476,11.3,4.4,".310",".291",36.2,2.3,25.9,"96.003920974","92.041698231",14,53.7
"Bart, Joey",663698,2025,272,27.2,12.5,".309",".316",36.3,8.8,42.5,"101.351094625","94.852715313",29.4,39.7
"Marchán, Rafael",665561,2025,90,14.4,10,".239",".269",23.9,1.5,19.4,"94.765083939","91.520204394",24.2,43.3
"Caratini, Victor",605170,2025,317,17.4,5.7,".314",".324",34.5,7.7,39.6,"99.711838205","94.077957607",20.4,46.8
"Crawford, J.P.",641487,2025,531,18.6,11.9,".325",".340",42.3,5.2,33.9,"97.987059719","93.066905634",19.4,44.7
"Burleson, Alec",676475,2025,442,13.3,7.5,".342",".345",33.1,8.9,42.4,"100.99850807","94.943887595",16,49.1
"Veen, Zac",691728,2025,37,37.8,5.4,".194",".203",30,5,30,"98.461172222","93.739707778",43.7,62.1
"Freeland, Alex",690976,2025,57,31.6,15.8,".257",".266",20.7,0,37.9,"98.220446429","93.599354074",30.7,35.8
"Moncada, Yoán",660162,2025,198,26.3,10.6,".332",".328",35.5,11.6,46.3,"101.457854098","95.220310909",31.6,46.1
"Montes, Coco",663796,2025,10,30,0,".177",".251",28.6,0,42.9,"100.900335","95.37162",27.3,40.7
"Davis, Henry",680779,2025,210,25.2,7.1,".241",".309",35.3,10.3,35.3,"99.706028657","93.97834194",28.2,54.5
"Cabrera, Oswaldo",665828,2025,122,20.5,9,".287",".285",31,0,34.5,"97.700893415","93.00878321",24.3,48.5
"Bader, Harrison",664056,2025,355,25.4,8.7,".328",".304",29.8,10.2,40.9,"100.382267946","94.247363139",29.1,46
"Vázquez, Christian",543877,2025,199,16.6,8,".229",".265",36.1,4.1,27.2,"95.75386027","91.919314014",17.2,43.3
"Lee, Jung Hoo",808982,2025,499,10.6,7.8,".322",".326",34.3,4.2,31.1,"97.0440329","92.585193083",12.7,45.1
"Burger, Jake",669394,2025,309,23.9,3.2,".298",".332",33.5,13.1,48.4,"103.072691622","95.814805611",28.3,55.1
"Torrens, Luis",620443,2025,229,21.8,7.9,".262",".354",39.4,11.9,51.2,"101.373566125","95.340537063",21.7,48.3
"Toglia, Michael",669911,2025,329,38.3,8.2,".270",".280",37.7,10.3,43.4,"100.889981977","94.769472616",37.5,48.6
"Schuemann, Max",680474,2025,182,17,10.4,".272",".298",35.9,2.3,29.7,"96.914059516","92.591688455",24.7,47
"Chisholm Jr., Jazz",665862,2025,390,27.9,11.5,".350",".373",33.8,16.9,43.7,"101.382594737","94.951965286",32.4,46.7
"Arcia, Orlando",606115,2025,165,21.8,4.2,".222",".239",26.2,2.5,30.3,"97.3010795","92.652953583",23.4,53.7
"Workman, Gage",669398,2025,17,41.2,5.9,".218",".331",44.4,11.1,33.3,"96.66793","92.835233333",54.8,59.6
"Winn, Masyn",691026,2025,478,17.8,6.5,".307",".296",31.9,5,35.6,"99.045964489","93.585724672",19.1,45.4
"Judge, Aaron",592450,2025,512,25.4,16.8,".460",".458",37.7,25,56.5,"106.489883356","98.332574075",35.7,45.6
"Crews, Dylan",686611,2025,192,26.6,6.8,".278",".336",28.2,13.7,39.5,"100.874290492","94.760471488",29.2,46.5
"Hiura, Keston",669374,2025,21,33.3,0,".289",".240",36.4,0,18.2,"93.138543333","91.423364545",31.7,54.7
"Jones, Jahmai",663330,2025,96,20.8,9.4,".347",".365",35.4,12.3,50.8,"102.371490303","95.723193385",26,47.3
"McCarthy, Jake",664983,2025,147,19,6.8,".270",".287",29.6,4.6,30.6,"96.708504118","92.359461275",21.3,48.3
"Villar, David",681584,2025,25,20,16,".296",".343",26.7,6.7,26.7,"95.64807875","92.744836667",34.2,40
"Cameron, Daz",663662,2025,42,31,2.4,".221",".274",28.6,7.1,32.1,"99.524880714","94.134041071",24.4,54.1
"Norby, Connor",681393,2025,273,26.7,5.1,".287",".314",41.8,9.3,37.4,"98.722101978","93.499026868",29.9,55.2
"Valdez, Enmanuel",665839,2025,102,15.7,10.8,".290",".339",37.3,8,42.7,"100.139290263","94.238050933",21.5,43.8
"Gray, Tristan",656484,2025,17,29.4,0,".104",".170",8.3,8.3,41.7,"101.379585","94.6897925",30.6,58.1
"Encarnacion, Jerar",666464,2025,30,23.3,0,".237",".364",43.5,8.7,60.9,"102.244115","96.074678696",32,53.2
"Kim, Hyeseong",808975,2025,146,28.8,4.1,".326",".273",38.1,2.1,28.9,"95.916627292","91.987528542",32.6,50.3
"Robert Jr., Luis",673357,2025,410,26.8,9.8,".289",".331",35.3,10.6,42.7,"101.644499048","95.108384722",32.2,53.3
"Peters, Tristan",671976,2025,12,58.3,0,".000",".144",40,0,40,"98.07012","94.042072",45.8,52.2
"Nola, Austin",543592,2025,41,12.2,4.9,".199",".275",35.3,0,44.1,"98.003522941","93.431973333",16.4,49.3
"Montgomery, Colson",695657,2025,145,29,7.6,".329",".346",38.9,13.3,42.2,"102.070166889","95.137632889",33.7,54.1
"Hayes, Ke'Bryan",663647,2025,454,19.6,4.8,".262",".287",30.5,4.7,45.5,"100.310482485","94.501569939",20.7,44.8
"Freeman, Freddie",518692,2025,481,22.2,10,".369",".360",38.2,10.2,46.3,"101.01666205","95.114587391",28.2,51.9
"Siani, Michael",672279,2025,19,36.8,10.5,".259",".313",30,0,20,"90.027405","91.30917125",30.3,47.8
"Azocar, José",640492,2025,21,4.8,9.5,".276",".340",44.4,0,27.8,"95.900311111","92.283752353",6.3,47.8
"Walls, Taylor",670764,2025,317,22.1,8.2,".265",".262",33.5,3.2,26.4,"96.119638571","92.100255905",20.3,45.9
"Seymour, Bob",676044,2025,13,46.2,7.7,".121",".172",16.7,0,66.7,"100.274463333","95.90736",31.8,57.9
"Fitzgerald, Tyler",666149,2025,240,29.2,6.7,".270",".246",30.9,4.6,28.3,"96.391780278","92.200216111",31.4,52.8
"Rojas, Miguel",500743,2025,212,14.6,8,".307",".296",34.8,4.3,27.4,"96.701513797","92.382517834",17.7,45.6
"Wisely, Brett",689172,2025,54,18.5,7.4,".274",".275",30,7.5,32.5,"96.589966842","92.294983421",18.8,51.9
"Arraez, Luis",650333,2025,531,2.8,4.9,".315",".289",36.1,0.8,15.2,"93.155600252","90.586379579",5.2,49.4
"Profar, Jurickson",595777,2025,214,15.9,13.1,".364",".331",26,8,37.6,"98.603859189","93.42711898",17,45.6
"Johnston, Troy",687859,2025,34,26.5,2.9,".221",".243",37.5,8.3,33.3,"97.686958333","93.125988696",34.7,57.3
"Kaiser, Connor",663731,2025,15,13.3,6.7,".189",".312",41.7,8.3,25,"94.398548333","91.245205833",20.8,48
"Siri, Jose",642350,2025,24,33.3,16.7,".168",".245",33.3,16.7,16.7,"92.456321667","91.0620775",37.5,47.5
"Frazier, Adam",624428,2025,350,16,6,".302",".286",40.6,1.1,21.8,"94.731879847","91.368045573",18.4,51.5
"McLain, Matt",680574,2025,465,27.5,9.2,".283",".288",32.5,6.6,39.6,"98.873156028","93.546437046",27.3,43.2
"Massey, Michael",686681,2025,209,15.3,2.4,".210",".243",33.9,2.9,31,"97.157002738","92.588633869",19,54
"Kennedy, Buddy",671083,2025,23,30.4,8.7,".153",".191",28.6,7.1,42.9,"98.875585714","93.437792857",27.9,43
"Heim, Jonah",641680,2025,350,22,6.3,".268",".277",34.8,6.4,34.4,"98.037687177","93.191761053",24.7,51.5
"Roden, Alan",702176,2025,153,24.2,5.2,".249",".225",20.6,2,30.4,"97.826416863","92.978674653",23.8,47.2
"Sweeney, Trey",700242,2025,284,26.4,8.5,".264",".267",30.3,7,36.8,"99.231442065","93.747481694",27.3,50.6
"Trejo, Alan",676701,2025,43,16.3,2.3,".181",".240",17.1,8.6,28.6,"96.444043529","92.222021765",22.1,58.1
"Canha, Mark",592192,2025,125,19.2,5.6,".244",".273",25.3,2.2,33,"97.298217826","92.70554033",23.7,45.8
"Lugo, Matthew",683090,2025,43,37.2,0,".337",".305",34.6,19.2,61.5,"103.550127692","96.913696538",40.8,49.7
"Rodríguez, Julio",677594,2025,566,22.8,5.7,".331",".349",30.6,9.6,47.1,"103.225613452","95.949147913",29.2,55.1
"Wagner, Will",695238,2025,132,19.7,11.4,".292",".329",32.6,2.2,42.7,"99.178358864","93.73737954",22.7,49.7
"Hernández, Enrique",571771,2025,186,25.8,8.1,".274",".314",34.1,11.4,39.8,"100.064000656","94.413323471",29.9,49.9
"Pérez, Wenceel",672761,2025,247,19.4,7.7,".346",".332",39.5,9,39.5,"99.354388315","94.089584915",24.9,49